"filename", "language", "Ini", "C++", "Python", "Markdown", "comment", "blank", "total"
"c:\Users\OLIVER\Documents\PlatformIO\Projects\Bridge\lib\config\commands.h", "C++", 0, 34, 0, 0, 12, 11, 57
"c:\Users\OLIVER\Documents\PlatformIO\Projects\Bridge\lib\config\pins.h", "C++", 0, 14, 0, 0, 6, 7, 27
"c:\Users\OLIVER\Documents\PlatformIO\Projects\Bridge\lib\controller\controller.cpp", "C++", 0, 14, 0, 0, 0, 10, 24
"c:\Users\OLIVER\Documents\PlatformIO\Projects\Bridge\lib\controller\controller.h", "C++", 0, 19, 0, 0, 4, 15, 38
"c:\Users\OLIVER\Documents\PlatformIO\Projects\Bridge\lib\motors\Docs\readme.md", "Markdown", 0, 0, 0, 42, 0, 8, 50
"c:\Users\OLIVER\Documents\PlatformIO\Projects\Bridge\lib\motors\motor_AQMH2407ND.cpp", "C++", 0, 40, 0, 0, 3, 15, 58
"c:\Users\OLIVER\Documents\PlatformIO\Projects\Bridge\lib\motors\motor_AQMH2407ND.h", "C++", 0, 20, 0, 0, 0, 6, 26
"c:\Users\OLIVER\Documents\PlatformIO\Projects\Bridge\lib\motors\motor_base.h", "C++", 0, 8, 0, 0, 2, 6, 16
"c:\Users\OLIVER\Documents\PlatformIO\Projects\Bridge\lib\motors\motor_driver.cpp", "C++", 0, 56, 0, 0, 3, 13, 72
"c:\Users\OLIVER\Documents\PlatformIO\Projects\Bridge\lib\motors\motor_driver.h", "C++", 0, 15, 0, 0, 0, 4, 19
"c:\Users\OLIVER\Documents\PlatformIO\Projects\Bridge\lib\motors\motor_types.h", "C++", 0, 12, 0, 0, 0, 4, 16
"c:\Users\OLIVER\Documents\PlatformIO\Projects\Bridge\lib\serial_manager\serial_manager.cpp", "C++", 0, 84, 0, 0, 21, 20, 125
"c:\Users\OLIVER\Documents\PlatformIO\Projects\Bridge\lib\serial_manager\serial_manager.h", "C++", 0, 32, 0, 0, 55, 14, 101
"c:\Users\OLIVER\Documents\PlatformIO\Projects\Bridge\platformio.ini", "Ini", 4, 0, 0, 0, 9, 2, 15
"c:\Users\OLIVER\Documents\PlatformIO\Projects\Bridge\src\main.cpp", "C++", 0, 187, 0, 0, 16, 63, 266
"c:\Users\OLIVER\Documents\PlatformIO\Projects\Bridge\test_scripts_pc_side\Motor_raw_pwm_test.py", "Python", 0, 0, 93, 0, 16, 21, 130
"c:\Users\OLIVER\Documents\PlatformIO\Projects\Bridge\test_scripts_pc_side\Motor_raw_pwm_test_encoder.py", "Python", 0, 0, 134, 0, 27, 25, 186
"Total", "-", 4, 535, 227, 42, 174, 244, 1226