{"file:///c%3A/Users/OLIVER/Documents/PlatformIO/Projects/Bridge/platformio.ini":{"language":"Ini","code":4,"comment":9,"blank":2},"file:///c%3A/Users/OLIVER/Documents/PlatformIO/Projects/Bridge/lib/controller/controller.cpp":{"language":"C++","code":14,"comment":0,"blank":10},"file:///c%3A/Users/OLIVER/Documents/PlatformIO/Projects/Bridge/lib/serial_manager/serial_manager.h":{"language":"C++","code":32,"comment":55,"blank":14},"file:///c%3A/Users/OLIVER/Documents/PlatformIO/Projects/Bridge/lib/serial_manager/serial_manager.cpp":{"language":"C++","code":84,"comment":21,"blank":20},"file:///c%3A/Users/OLIVER/Documents/PlatformIO/Projects/Bridge/lib/controller/controller.h":{"language":"C++","code":19,"comment":4,"blank":15},"file:///c%3A/Users/OLIVER/Documents/PlatformIO/Projects/Bridge/lib/motors/motor_driver.cpp":{"language":"C++","code":56,"comment":3,"blank":13},"file:///c%3A/Users/OLIVER/Documents/PlatformIO/Projects/Bridge/lib/motors/motor_types.h":{"language":"C++","code":12,"comment":0,"blank":4},"file:///c%3A/Users/OLIVER/Documents/PlatformIO/Projects/Bridge/test_scripts_pc_side/Motor_raw_pwm_test_encoder.py":{"language":"Python","code":134,"comment":27,"blank":25},"file:///c%3A/Users/OLIVER/Documents/PlatformIO/Projects/Bridge/lib/motors/motor_driver.h":{"language":"C++","code":15,"comment":0,"blank":4},"file:///c%3A/Users/OLIVER/Documents/PlatformIO/Projects/Bridge/lib/motors/motor_base.h":{"language":"C++","code":8,"comment":2,"blank":6},"file:///c%3A/Users/OLIVER/Documents/PlatformIO/Projects/Bridge/lib/motors/motor_AQMH2407ND.h":{"language":"C++","code":20,"comment":0,"blank":6},"file:///c%3A/Users/OLIVER/Documents/PlatformIO/Projects/Bridge/lib/motors/motor_AQMH2407ND.cpp":{"language":"C++","code":40,"comment":3,"blank":15},"file:///c%3A/Users/OLIVER/Documents/PlatformIO/Projects/Bridge/src/main.cpp":{"language":"C++","code":187,"comment":16,"blank":63},"file:///c%3A/Users/OLIVER/Documents/PlatformIO/Projects/Bridge/lib/config/pins.h":{"language":"C++","code":14,"comment":6,"blank":7},"file:///c%3A/Users/OLIVER/Documents/PlatformIO/Projects/Bridge/lib/config/commands.h":{"language":"C++","code":34,"comment":12,"blank":11},"file:///c%3A/Users/OLIVER/Documents/PlatformIO/Projects/Bridge/test_scripts_pc_side/Motor_raw_pwm_test.py":{"language":"Python","code":93,"comment":16,"blank":21},"file:///c%3A/Users/OLIVER/Documents/PlatformIO/Projects/Bridge/lib/motors/Docs/readme.md":{"language":"Markdown","code":42,"comment":0,"blank":8}}